<?xml version='1.0' encoding='utf-8'?>
<!DOCTYPE hibernate-configuration PUBLIC
        "-//Hibernate/Hibernate Configuration DTD//EN"
        "hibernate-core-5.2.10.Final.jar\org\hibernate\hibernate-configuration-3.0.dtd">
<hibernate-configuration>
    <session-factory>
        <property name="hibernate.connection.driver_class">com.mysql.cj.jdbc.Driver</property>
        <property name="hibernate.connection.url">jdbc:mysql://localhost:3306/supermercado</property>
        <property name="hibernate.connection.username">root</property>
        <property name="hibernate.connection.password"></property>
        <property name="hibernate.connection.pool_size">10</property>
        <property name="show_sql">true</property>
        <property name="dialect">org.hibernate.dialect.MySQL5Dialect</property>
        <property name="hibernate.current_session_context_class">thread</property>
        <property name="hbm2ddl.auto">update</property>

        <mapping class="Venta" />
        <!--<mapping resource="Editorial.hbm.xml" />-->

    </session-factory>
</hibernate-configuration>